{
  "config": {
    "backbone": "mixnet_l",
    "image_size": 256,
    "batch_size": 2,
    "max_steps": 80,
    "lr": 0.001
  },
  "device": "cpu",
  "elapsed_s": 33.1,
  "steps": [
    1,
    2,
    3,
    4,
    5,
    6,
    7,
    8,
    9,
    10,
    11,
    12,
    13,
    14,
    15,
    16,
    17,
    18,
    19,
    20,
    21,
    22,
    23,
    24,
    25,
    26,
    27,
    28,
    29,
    30,
    31,
    32,
    33,
    34,
    35,
    36,
    37,
    38,
    39,
    40,
    41,
    42,
    43,
    44,
    45,
    46,
    47,
    48,
    49,
    50,
    51,
    52,
    53,
    54,
    55,
    56,
    57,
    58,
    59,
    60,
    61,
    62,
    63,
    64,
    65,
    66,
    67,
    68,
    69,
    70,
    71,
    72,
    73,
    74,
    75,
    76,
    77,
    78,
    79,
    80
  ],
  "loss": [
    0.8545318245887756,
    0.7789716720581055,
    0.7449791431427002,
    0.7635481357574463,
    0.7184497714042664,
    0.6845676898956299,
    0.6502711772918701,
    0.6681774258613586,
    0.6422127485275269,
    0.6011321544647217,
    0.609129786491394,
    0.581916093826294,
    0.557177722454071,
    0.5400258898735046,
    0.5344656109809875,
    0.5168940424919128,
    0.513196587562561,
    0.4878159463405609,
    0.46880918741226196,
    0.450862318277359,
    0.46002453565597534,
    0.434942364692688,
    0.42914336919784546,
    0.4176294803619385,
    0.44070103764533997,
    0.4112226963043213,
    0.4055095911026001,
    0.3832280933856964,
    0.3782450556755066,
    0.3717910051345825,
    0.3617812991142273,
    0.36599668860435486,
    0.34215041995048523,
    0.3404961824417114,
    0.3272106349468231,
    0.3178108334541321,
    0.31322216987609863,
    0.31141093373298645,
    0.30687421560287476,
    0.2992726266384125,
    0.32590124011039734,
    0.3071879744529724,
    0.2901134192943573,
    0.31662261486053467,
    0.276865690946579,
    0.31476086378097534,
    0.2687937021255493,
    0.2647107243537903,
    0.27195632457733154,
    0.2565118074417114,
    0.25616317987442017,
    0.24628424644470215,
    0.25484374165534973,
    0.265159010887146,
    0.2416011393070221,
    0.24724476039409637,
    0.23915424942970276,
    0.23514360189437866,
    0.2395881861448288,
    0.2351943999528885,
    0.2227274775505066,
    0.2229703962802887,
    0.25055229663848877,
    0.22469721734523773,
    0.20974217355251312,
    0.20957568287849426,
    0.2189965546131134,
    0.21012313663959503,
    0.2273557484149933,
    0.19579969346523285,
    0.20445682108402252,
    0.21188899874687195,
    0.20304666459560394,
    0.2204694002866745,
    0.20918729901313782,
    0.2064242660999298,
    0.19680456817150116,
    0.2113177478313446,
    0.18666008114814758,
    0.20320579409599304
  ]
}